Title,Link
What is data science?,No Link
Why is data science important?,No Link
History of data science,No Link
Future of data science,No Link
What is data science used for?,No Link
What are the benefits of data science for business?,No Link
What is the data science process?,No Link
What are the data science techniques?,No Link
What are different data science technologies?,No Link
How does data science compare to other related data fields?,No Link
What are different data science tools?,No Link
What does a data scientist do?,No Link
What are the challenges faced by data scientists?,No Link
How to become a data scientist?,No Link
Data science next steps,No Link
